data_referencia,ipca_mensal_pct,ano,mes
2015-01-01,1.24,2015,1
2015-02-01,1.22,2015,2
2015-03-01,1.32,2015,3
2015-04-01,0.71,2015,4
2015-05-01,0.74,2015,5
2015-06-01,0.79,2015,6
2015-07-01,0.62,2015,7
2015-08-01,0.22,2015,8
2015-09-01,0.54,2015,9
2015-10-01,0.82,2015,10
2015-11-01,1.01,2015,11
2015-12-01,0.96,2015,12
2016-01-01,1.27,2016,1
2016-02-01,0.9,2016,2
2016-03-01,0.43,2016,3
2016-04-01,0.61,2016,4
2016-05-01,0.78,2016,5
2016-06-01,0.35,2016,6
2016-07-01,0.52,2016,7
2016-08-01,0.44,2016,8
2016-09-01,0.08,2016,9
2016-10-01,0.26,2016,10
2016-11-01,0.18,2016,11
2016-12-01,0.3,2016,12
2017-01-01,0.38,2017,1
2017-02-01,0.33,2017,2
2017-03-01,0.25,2017,3
2017-04-01,0.14,2017,4
2017-05-01,0.31,2017,5
2017-06-01,-0.23,2017,6
2017-07-01,0.24,2017,7
2017-08-01,0.19,2017,8
2017-09-01,0.16,2017,9
2017-10-01,0.42,2017,10
2017-11-01,0.28,2017,11
2017-12-01,0.44,2017,12
2018-01-01,0.29,2018,1
2018-02-01,0.32,2018,2
2018-03-01,0.09,2018,3
2018-04-01,0.22,2018,4
2018-05-01,0.4,2018,5
2018-06-01,1.26,2018,6
2018-07-01,0.33,2018,7
2018-08-01,-0.09,2018,8
2018-09-01,0.48,2018,9
2018-10-01,0.45,2018,10
2018-11-01,-0.21,2018,11
2018-12-01,0.15,2018,12
2019-01-01,0.32,2019,1
2019-02-01,0.43,2019,2
2019-03-01,0.75,2019,3
2019-04-01,0.57,2019,4
2019-05-01,0.13,2019,5
2019-06-01,0.01,2019,6
2019-07-01,0.19,2019,7
2019-08-01,0.11,2019,8
2019-09-01,-0.04,2019,9
2019-10-01,0.1,2019,10
2019-11-01,0.51,2019,11
2019-12-01,1.15,2019,12
2020-01-01,0.21,2020,1
2020-02-01,0.25,2020,2
2020-03-01,0.07,2020,3
2020-04-01,-0.31,2020,4
2020-05-01,-0.38,2020,5
2020-06-01,0.26,2020,6
2020-07-01,0.36,2020,7
2020-08-01,0.24,2020,8
2020-09-01,0.64,2020,9
2020-10-01,0.86,2020,10
2020-11-01,0.89,2020,11
2020-12-01,1.35,2020,12
2021-01-01,0.25,2021,1
2021-02-01,0.86,2021,2
2021-03-01,0.93,2021,3
2021-04-01,0.31,2021,4
2021-05-01,0.83,2021,5
2021-06-01,0.53,2021,6
2021-07-01,0.96,2021,7
2021-08-01,0.87,2021,8
2021-09-01,1.16,2021,9
2021-10-01,1.25,2021,10
2021-11-01,0.95,2021,11
2021-12-01,0.73,2021,12
2022-01-01,0.54,2022,1
2022-02-01,1.01,2022,2
2022-03-01,1.62,2022,3
2022-04-01,1.06,2022,4
2022-05-01,0.47,2022,5
2022-06-01,0.67,2022,6
2022-07-01,-0.68,2022,7
2022-08-01,-0.36,2022,8
2022-09-01,-0.29,2022,9
2022-10-01,0.59,2022,10
2022-11-01,0.41,2022,11
2022-12-01,0.62,2022,12
2023-01-01,0.53,2023,1
2023-02-01,0.84,2023,2
2023-03-01,0.71,2023,3
2023-04-01,0.61,2023,4
2023-05-01,0.23,2023,5
2023-06-01,-0.08,2023,6
2023-07-01,0.12,2023,7
2023-08-01,0.23,2023,8
2023-09-01,0.26,2023,9
2023-10-01,0.24,2023,10
2023-11-01,0.28,2023,11
2023-12-01,0.56,2023,12
2024-01-01,0.42,2024,1
2024-02-01,0.83,2024,2
2024-03-01,0.16,2024,3
2024-04-01,0.38,2024,4
2024-05-01,0.46,2024,5
2024-06-01,0.21,2024,6
2024-07-01,0.38,2024,7
2024-08-01,-0.02,2024,8
2024-09-01,0.44,2024,9
2024-10-01,0.56,2024,10
2024-11-01,0.39,2024,11
2024-12-01,0.52,2024,12
2025-01-01,0.16,2025,1
2025-02-01,1.31,2025,2
2025-03-01,0.56,2025,3
2025-04-01,0.43,2025,4
2025-05-01,0.26,2025,5
2025-06-01,0.24,2025,6
2025-07-01,0.26,2025,7
2025-08-01,-0.11,2025,8
2025-09-01,0.48,2025,9
2025-10-01,0.09,2025,10
2025-11-01,0.18,2025,11
2025-12-01,0.33,2025,12
2026-01-01,0.33,2026,1
2026-02-01,0.7,2026,2
2026-03-01,0.88,2026,3
2026-04-01,0.67,2026,4
2026-05-01,0.58,2026,5
2026-06-01,0.16,2026,6
2026-07-01,0.07,2026,7
2026-08-01,-0.32,2026,8
